"","sample","campaignid","latitude","longitude","status","depth","method","date","site","location","successful.count","fov.limited","fov.open","fov.total.points.annotated","kelps","broad.ascidians","broad.bryozoa","rock","broad.hydroids","broad.invertebrate.complex","macroalgae","broad.octocoral.black","broad.sponges","sand","broad.total.points.annotated","mean.relief","sd.relief","x","y","id","z","slope","aspect","tpi","tri","roughness","detrended","lineartrend","inverts","Carangidae Seriola dumerili","Carangidae Seriola hippos","Carangidae Unknown sp10","Carcharhinidae Carcharhinus plumbeus","Chaetodontidae Chaetodon assarius","Cirrhitidae Paracirrhites forsteri","Echeneidae Unknown spp","Ginglymostomatidae Nebrius ferrugineus","Glaucosomatidae Glaucosoma hebraicum","Labridae Anampses geographicus","Labridae Austrolabrus maculatus","Labridae Bodianus bilunulatus","Labridae Bodianus solatus","Labridae Choerodon rubescens","Labridae Coris auricularis","Labridae Coris caudimacula","Labridae Labroides dimidiatus","Labridae Notolabrus parilus","Labridae Pseudojuloides elongatus","Labridae Suezichthys cyanolaemus","Labridae Unknown sp3","Labridae Unknown spp","Lethrinidae Lethrinus miniatus","Lethrinidae Lethrinus nebulosus","Lethrinidae Lethrinus spp","Lutjanidae Lutjanus sp10","Mullidae Parupeneus chrysopleuron","Mullidae Parupeneus spilurus","Nemipteridae Pentapodus nagasakiensis","Pempherididae Pempheris klunzingeri","Pinguipedidae Parapercis spp","Platycephalidae Platycephalus spp","Pomacanthidae Apolemichthys trimaculatus","Pomacanthidae Chaetodontoplus personifer","Pomacanthidae Pomacanthus semicirculatus","Pomacentridae Chromis spp","Scaridae Scarus chameleon","Scaridae Scarus ghobban","Scaridae Scarus sp3","Scaridae Scarus spp","Scorpididae Neatypus obliquus","Scorpididae Scorpis georgiana","Serranidae Epinephelus rivulatus","Serranidae Plectropomus spp","Serranidae Pseudanthias spp","Sparidae Chrysophrys auratus","SUS SUS sus","Tetraodontidae Unknown spp","Acanthuridae Acanthurus olivaceus","Acanthuridae Acanthurus xanthopterus","Apogonidae Ostorhinchus angustatus","Apogonidae Ostorhinchus spp","Ariidae Netuma thalassina","Carangidae Carangoides fulvoguttatus","Carangidae Carangoides spp","Carangidae Unknown spp","Carcharhinidae Carcharhinus spp","Carcharhinidae Galeocerdo cuvier","Chaetodontidae Chaetodon auriga","Chaetodontidae Chaetodon lunula","Cheilodactylidae Cheilodactylus gibbosus","Dasyatidae Taeniurops meyeni","Echeneidae Echeneis naucrates","Haemulidae Diagramma pictum labiosum","Labridae Anampses caeruleopunctatus","Labridae Bodianus spp","Labridae Bodianus vulpinus","Labridae Stethojulis sp","Labridae Thalassoma lutescens","Labridae Unknown sp","Labridae Unknown sp1","Lethrinidae Lethrinus ravus","Monacanthidae Nelusetta ayraud","Monacanthidae Unknown sp1","Monacanthidae Unknown spp","Muraenidae Gymnothorax woodwardi","Nemipteridae Pentapodus spp","Nempiteridae Pentapodus nagasakiensis","Orectolobidae Orectolobus hutchinsi","Pempherididae Pempheris tominagai","Pinguipedidae Parapercis haackei","Pinguipedidae Parapercis nebulosa","Pomacentridae Parma occidentalis","Rhinidae Rhynchobatus australiae","Scombridae Scomberomorus spp","Siganidae Siganus argenteus","Siganidae Siganus punctatus","Sphyrnidae Sphyrna lewini","Tetraodontidae Lagocephalus sceleratus","Tetraodontidae Torquigener sp10","Triakidae Mustelus spp","Trygonorrhinidae Aptychotrema vincentiana","Urolophidae Unknown spp","Zanclidae Zanclus cornutus"
"1","npz6.1","2021-05_Abrolhos_BOSS",-28.0459,113.3761,"No-take",90.9,"BOSS",20210511,"npz6.1","NPZ6","Y",5,75,80,0,0,0,0,0,27,0,0,8,0.533333333333333,75,1.52380952380952,0.644008186111638,113.3761,-28.0459,20,-94,0.822347662504923,262.76077638476,-0.5,2.75,10,-6.16396522521973,-87.8360366821289,0.466666666666667,0,0,0,0,0,0,0,0,0,0,0,0,0,1,0,0,0,0,0,0,0,1,0,0,0,0,0,0,0,0,0,0,0,0,0,0,0,0,0,0,0,0,0,0,0,1,1,0,0,0,0,0,0,0,0,0,0,0,0,0,0,0,0,0,0,0,0,0,0,0,0,0,0,0,0,0,0,0,0,0,0,0,0,0,0,0,0,0,0,0,0,0,0,0
"2","npz6.10","2021-05_Abrolhos_BOSS",-28.0798,113.3498,"No-take",151,"BOSS",20210513,"npz6.10","NPZ6","Y",4,76,80,0,0,0,0,0,0,0,0,0,1,80,0,0,113.3498,-28.0798,43,-157,0.622783630617063,297.231730769471,-0.125,2.125,7,-32.791374206543,-124.208625793457,0,0,0,0,0,0,0,0,0,0,0,0,0,0,0,0,0,0,0,0,0,0,0,0,0,0,0,0,0,0,0,0,0,0,0,0,0,0,0,0,0,0,0,0,0,0,0,0,0,0,0,0,0,0,0,0,0,0,0,0,0,0,0,0,0,0,0,0,0,0,0,0,0,0,0,0,0,0,0,0,0,0,0,0,0,0,0,0,0,0,0,0,0,0,0
"3","npz6.11","2021-05_Abrolhos_BOSS",-28.0761,113.4539,"No-take",34,"BOSS",20210511,"npz6.11","NPZ6","Y",6,74,80,0,0,0,0.10958904109589,0,0,0.835616438356164,0,0,0.0547945205479452,73,2.6865671641791,0.467389760908861,113.4539,-28.0761,9,-33,1.85404016639701,61.6439910407025,1.75,6.25,21,16.6013259887695,-49.6013259887695,0,0,2,1,0,0,0,1,1,1,0,0,0,0,2,3,1,0,0,0,0,0,0,10,0,0,0,0,0,0,0,0,0,0,0,0,0,0,0,0,0,0,0,0,0,0,0,0,0,0,0,0,0,0,0,0,0,0,0,0,0,0,0,0,0,0,0,0,0,0,0,0,0,0,0,0,0,0,0,0,0,0,0,0,0,0,0,0,0,0,0,0,0,0,0
"4","npz6.12","2021-05_Abrolhos_BOSS",-28.0486,113.3238,"No-take",159,"BOSS",20210511,"npz6.12","NPZ6","Y",0,80,80,0,0,0,0,0,0,0,0,0,1,80,0,0,113.3238,-28.0486,24,-166,0.512888114900303,232.687813159312,0.375,1.625,6,-25.8279781341553,-140.172027587891,0,0,0,0,0,0,0,0,0,0,0,0,0,0,0,0,0,0,0,0,0,0,0,0,0,0,0,0,0,0,0,0,0,0,0,0,0,0,0,0,0,0,0,0,0,0,0,0,0,0,0,0,0,0,0,0,0,0,0,0,0,0,0,0,0,0,0,0,0,0,0,0,0,0,0,0,0,0,0,0,0,0,0,0,0,0,0,0,0,0,0,0,0,0,0
"5","npz6.13","2021-05_Abrolhos_BOSS",-28.0537,113.4489,"No-take",57,"BOSS",20210511,"npz6.13","NPZ6","Y",6,74,80,0,0,0,0.9625,0,0,0,0,0,0.0375,80,1,0,113.4489,-28.0537,10,-49,1.86342714407954,45.9781186562937,0.875,6.125,21,1.0338009595871,-50.0338020324707,0,0,0,0,0,0,0,0,0,0,0,0,0,0,0,0,0,0,0,0,0,0,0,0,0,0,0,0,0,0,0,0,0,0,0,0,0,0,0,0,0,0,0,0,0,0,0,0,1,0,0,0,0,0,0,0,0,0,0,0,0,0,0,0,0,0,0,0,0,0,0,0,0,0,0,0,0,0,0,0,0,0,0,0,0,0,0,0,0,0,0,0,0,0,0
"6","npz6.14","2021-05_Abrolhos_BOSS",-28.0912,113.4589,"No-take",25.5,"BOSS",20210511,"npz6.14","NPZ6","Y",5,75,80,0,0,0,0.223684210526316,0,0,0.763157894736842,0,0,0.0131578947368421,76,2.92424242424242,0.364189555910151,113.4589,-28.0912,6,-31,2.83370773603468,63.4078706565569,-2.625,10.125,28,18.7221851348877,-49.7221832275391,0,0,0,0,0,0,0,0,0,0,1,0,0,0,1,20,1,0,0,0,1,0,0,15,0,0,0,0,1,0,0,0,0,0,0,0,25,0,0,0,0,0,0,0,0,0,0,0,0,0,0,0,0,0,0,0,0,0,0,0,0,0,0,0,0,0,0,0,0,0,0,0,0,0,0,0,0,0,0,0,0,0,0,0,0,0,0,0,0,0,0,0,0,0,0
"7","npz6.15","2021-05_Abrolhos_BOSS",-28.0712,113.3788,"No-take",92,"BOSS",20210511,"npz6.15","NPZ6","Y",6,74,80,0,0,1,0,0,37,0,2,12,0.315789473684211,76,1.79411764705882,0.659235729573739,113.3788,-28.0712,18,-106,1.99489493707444,242.975502358093,-3.25,7,23,-13.9880781173706,-92.0119247436523,0.684210526315789,0,0,0,0,0,0,0,0,0,0,0,0,0,0,0,0,0,0,0,0,0,0,0,0,0,0,0,0,0,0,0,0,0,0,0,0,0,0,0,0,0,0,0,0,0,0,1,0,0,0,0,0,0,0,0,0,0,0,0,0,0,0,0,0,0,0,0,0,0,0,0,0,0,0,0,0,0,0,0,0,0,0,0,0,0,0,0,0,0,0,0,0,0,0
"8","npz6.16","2021-05_Abrolhos_BOSS",-28.0411,113.3588,"No-take",123,"BOSS",20210511,"npz6.16","NPZ6","Y",0,80,80,0,0,0,0,0,0,0,0,0,1,80,0,0,113.3588,-28.0411,22,-129,1.22462616735968,272.424661508423,0.125,4.125,12,-27.763069152832,-101.236930847168,0,0,0,0,0,0,0,0,0,0,0,0,0,0,0,0,0,0,0,0,0,0,0,0,0,0,0,0,0,0,0,0,0,0,0,0,0,0,0,0,0,0,0,0,0,0,0,0,0,0,0,0,0,0,0,0,0,0,0,0,0,0,0,0,0,0,0,0,0,0,0,0,0,0,0,0,0,0,0,0,0,0,0,0,0,0,0,0,0,0,0,0,0,0,0
"9","npz6.17","2021-05_Abrolhos_BOSS",-28.0587,113.3939,"No-take",65.7,"BOSS",20210511,"npz6.17","NPZ6","Y",6,74,80,0,0,0,0,1,32,0,0,34,0.0563380281690141,71,1.484375,0.534290435850456,113.3939,-28.0587,14,-69,0.86425908469708,282.11216629208,-0.125,3.125,12,8.40407943725586,-77.4040756225586,0.943661971830986,0,0,0,0,0,0,0,0,0,0,0,0,0,0,0,0,0,0,0,0,0,0,0,1,0,0,0,0,0,0,0,0,0,0,0,0,0,0,0,0,0,0,0,0,0,0,0,0,0,0,0,0,0,0,0,0,0,0,0,0,0,0,0,0,0,0,0,0,0,0,0,0,0,0,0,0,0,0,0,0,0,0,0,0,0,0,0,0,0,0,0,0,0,0
"10","npz6.18","2021-05_Abrolhos_BOSS",-28.0837,113.5038,"No-take",50,"BOSS",20210513,"npz6.18","NPZ6","Y",5,74,79,0,0,1,0.435897435897436,0,3,0.0384615384615385,0,25,0.153846153846154,78,2,0.563436169819011,113.5038,-28.0837,30,-50,0.493107277824848,3.3886440173984,-0.625,1.875,7,-8.17649555206299,-41.8235054016113,0.371794871794872,0,0,0,0,1,0,0,0,0,3,0,0,0,2,6,0,0,0,0,1,0,1,1,0,0,0,0,4,0,2,0,0,0,0,0,39,2,0,2,0,0,0,0,0,0,0,1,0,0,0,0,0,0,0,0,0,0,0,0,0,0,0,0,0,0,0,0,0,0,0,0,0,0,0,0,0,0,0,0,0,0,0,0,0,0,0,0,0,0,0,0,0,0,0
"11","npz6.19","2021-05_Abrolhos_BOSS",-28.0463,113.5314,"No-take",48.1,"BOSS",20210511,"npz6.19","NPZ6","Y",7,73,80,0,1,0,0.291139240506329,0,0,0.329113924050633,1,12,0.20253164556962,79,2.03125,0.25,113.5314,-28.0463,2,-49,0.205600151224729,277.23922361524,-0.625,1.125,5,-3.05953240394592,-45.9404678344727,0.177215189873418,0,0,0,0,4,0,0,0,0,0,3,0,0,2,29,0,0,0,0,0,0,0,0,0,0,0,0,1,3,0,0,0,0,0,0,2,0,0,0,0,0,0,0,0,0,0,3,0,0,0,0,0,0,0,0,0,0,0,0,0,0,0,0,0,0,0,0,0,0,0,0,0,0,0,0,0,0,0,0,0,0,0,0,0,0,0,0,0,0,0,0,0,0,0
"12","npz6.2","2021-05_Abrolhos_BOSS",-28.0862,113.3863,"No-take",92,"BOSS",20210513,"npz6.2","NPZ6","Y",5,75,80,0,0,1,0,2,19,0,7,44,0.051948051948052,77,2.88709677419355,1.1323099661019,113.3863,-28.0862,40,-98,1.74230200534914,221.988605754608,0,6,21,-7.82892990112305,-90.1710662841797,0.948051948051948,0,0,0,0,0,0,0,0,0,0,0,0,0,0,0,0,0,0,0,0,0,0,0,0,0,1,0,0,0,0,0,0,1,0,0,0,0,0,0,0,40,1,0,0,0,0,1,0,0,0,0,0,0,0,0,0,0,0,0,0,0,0,0,0,0,0,0,0,0,0,0,0,0,0,0,0,0,0,0,0,0,0,0,0,0,0,0,0,0,0,0,0,0,0
"13","npz6.20","2021-05_Abrolhos_BOSS",-28.0462,113.4413,"No-take",51,"BOSS",20210511,"npz6.20","NPZ6","Y",6,74,80,0,0,0,0.772151898734177,0,0,0.0886075949367089,0,11,0,79,2.23188405797101,1.2144343579993,113.4413,-28.0462,12,-56,1.80526318297364,32.1713333316711,-0.125,6.625,20,-3.70550465583801,-52.2944946289062,0.139240506329114,0,0,0,0,0,0,0,0,0,0,0,0,0,0,0,0,0,0,0,1,0,0,0,0,0,0,0,0,0,0,0,0,0,0,0,80,0,0,0,1,0,0,0,0,17,0,0,0,0,0,0,0,0,0,0,0,0,0,0,0,0,0,0,0,0,0,0,0,0,0,0,0,0,0,0,0,0,0,0,0,0,0,0,0,0,0,0,0,0,0,0,0,0,0
"14","npz6.21","2021-05_Abrolhos_BOSS",-28.0737,113.4014,"No-take",57.4,"BOSS",20210511,"npz6.21","NPZ6","Y",7,73,80,0,0,0,0.0714285714285714,0,0,0.0142857142857143,0,0,0.914285714285714,70,0.893939393939394,0.682276458263925,113.4014,-28.0737,15,-59,1.80297598112269,240.763902172953,4.875,6.625,21,16.2679195404053,-75.2679214477539,0,0,0,0,0,2,0,0,0,0,0,0,0,0,0,9,0,0,0,0,0,0,0,0,0,0,0,0,0,0,0,0,0,0,0,0,2,0,0,0,0,0,0,0,0,0,0,0,0,0,0,0,0,0,0,0,0,0,0,0,0,0,0,0,0,0,0,0,0,0,0,0,0,0,0,0,0,0,0,0,0,0,0,0,0,0,0,0,0,0,0,0,0,0,0
"15","npz6.23","2021-05_Abrolhos_BOSS",-28.041,113.3362,"No-take",151,"BOSS",20210511,"npz6.23","NPZ6","Y",0,80,80,0,0,0,0,0,0,0,0,0,1,77,0.0444444444444444,0.208409077139993,113.3362,-28.041,23,-156,0.467858974248369,228.356001096475,-0.75,1.75,6,-32.9077301025391,-123.092269897461,0,0,0,0,0,0,0,0,0,0,0,0,0,0,0,0,0,0,0,0,0,0,0,0,0,0,0,0,0,0,0,0,0,0,0,0,0,0,0,0,0,0,0,0,0,0,0,0,0,0,0,0,0,0,0,0,0,0,0,0,0,0,0,0,0,0,0,0,0,0,0,0,0,0,0,0,0,0,0,0,0,0,0,0,0,0,0,0,0,0,0,0,0,0,0
"16","npz6.24","2021-05_Abrolhos_BOSS",-28.0836,113.5114,"No-take",49.3,"BOSS",20210513,"npz6.24","NPZ6","Y",5,55,60,0,0,0,0.728813559322034,0,0,0.101694915254237,0,8,0.0338983050847458,59,1.06,0.239897937482095,113.5114,-28.0836,29,-49,0.0779953156104159,311.632806964655,0.25,0.25,2,-7.21328020095825,-41.7867202758789,0.135593220338983,0,0,0,0,0,0,0,0,0,0,0,0,0,0,0,0,0,0,0,1,1,0,0,0,0,0,1,0,2,0,0,0,0,0,0,0,0,0,0,0,0,0,0,0,0,0,1,0,0,0,0,0,0,0,0,0,0,0,0,0,0,0,0,0,0,0,0,0,0,0,0,0,0,0,0,0,0,0,0,0,0,0,0,0,0,0,0,0,0,0,0,0,0,0
"17","npz6.25","2021-05_Abrolhos_BOSS",-28.0362,113.3815,"No-take",70.6,"BOSS",20210511,"npz6.25","NPZ6","Y",7,73,80,0,0,0,0,0,50,0,0,5,0.225352112676056,71,1.30508474576271,0.676049306713737,113.3815,-28.0362,19,-81,2.17092344936089,258.300155653571,-2.125,7.375,23,1.26642513275146,-82.2664260864258,0.774647887323944,0,0,0,0,0,0,0,0,0,0,0,0,0,0,0,0,0,0,0,0,1,0,0,0,0,0,0,0,0,0,1,0,0,0,0,0,0,0,0,0,0,0,0,0,0,1,1,0,0,0,0,0,0,0,0,0,0,0,0,0,0,0,0,0,0,0,0,0,0,0,0,0,0,0,0,0,0,0,0,0,0,0,0,0,0,0,0,0,0,0,0,0,0,0
"18","npz6.26","2021-05_Abrolhos_BOSS",-28.0487,113.4414,"No-take",42,"BOSS",20210511,"npz6.26","NPZ6","Y",5,75,80,0.15,0,0,0,0,0,0.8625,0,10,0.0125,80,3,0,113.4414,-28.0487,11,-47,2.02037148511512,29.3504517967985,1,7.75,23,5.31710147857666,-52.3171005249023,0.125,0,0,0,0,0,0,0,0,0,1,1,0,0,2,20,0,0,0,1,2,0,0,1,0,0,0,0,3,0,0,0,0,0,0,0,25,0,0,0,0,0,0,0,0,0,0,0,0,0,0,0,0,0,0,0,0,0,0,0,0,0,0,0,0,0,0,0,0,0,0,0,0,0,0,0,0,0,0,0,0,0,0,0,0,0,0,0,0,0,0,0,0,0,0
"19","npz6.27","2021-05_Abrolhos_BOSS",-28.0688,113.2892,"No-take",186,"BOSS",20210513,"npz6.27","NPZ6","Y",0,80,80,0,0,0,0,0,0,0,0,0,1,80,0,0,113.2892,-28.0688,45,-191,0.318881632247476,235.338611915692,0.125,1.125,4,6.97761249542236,-197.977615356445,0,0,0,0,0,0,0,0,0,0,0,0,0,0,0,0,0,0,0,0,0,0,0,0,0,0,0,0,0,0,0,0,0,0,0,0,0,0,0,0,0,0,0,0,0,0,0,0,0,0,0,0,0,0,0,0,0,0,0,0,0,0,0,0,0,0,0,0,0,0,0,0,0,0,0,0,0,0,0,0,0,0,0,0,0,0,0,0,0,0,0,0,0,0,0
"20","npz6.28","2021-05_Abrolhos_BOSS",-28.0937,113.429,"No-take",47.3,"BOSS",20210513,"npz6.28","NPZ6","Y",5,75,80,0,0,0,0.860759493670886,0,0,0.126582278481013,0,0,0.0126582278481013,79,1.11666666666667,0.323731771513093,113.429,-28.0937,36,-46,0.496218862492308,87.0072217275464,-1.75,2.25,7,16.9434700012207,-62.9434700012207,0,0,0,0,0,0,0,0,0,0,0,0,0,0,0,5,0,0,0,0,1,0,0,0,0,0,0,0,0,0,0,0,0,0,0,0,0,0,0,0,0,0,0,0,0,0,0,0,0,0,0,0,0,0,0,0,0,0,0,0,0,0,0,0,0,0,0,0,0,0,0,0,0,0,0,0,0,0,0,0,0,0,0,0,0,0,0,0,0,0,0,0,0,0,0
"21","npz6.29","2021-05_Abrolhos_BOSS",-28.0837,113.4589,"No-take",43.1,"BOSS",20210511,"npz6.29","NPZ6","Y",7,73,80,0,0,0,0.0617283950617284,0,0,0.0864197530864197,0,0,0.851851851851852,81,0.923076923076923,0.268543077764787,113.4589,-28.0837,8,-40,1.97038835923607,73.9774114435417,-4.75,6.75,20,8.79354190826416,-48.7935409545898,0,0,0,0,0,0,0,0,0,0,0,0,0,0,0,5,0,0,0,0,0,0,1,0,0,0,0,0,0,0,0,0,0,0,0,0,0,0,0,0,0,0,0,0,0,0,0,0,0,0,0,0,0,0,0,0,0,0,0,0,0,0,0,0,0,0,0,0,0,0,0,0,0,0,0,0,0,0,0,0,0,0,0,0,0,0,0,0,0,0,0,0,0,0,0
"22","npz6.3","2021-05_Abrolhos_BOSS",-28.0914,113.3864,"No-take",95.2,"BOSS",20210513,"npz6.3","NPZ6","Y",5,75,80,0,0,0,0,0,11,0,0,40,0.0727272727272727,55,2.49019607843137,0.784156847055685,113.3864,-28.0914,41,-107,1.71839653802532,255.153384870965,-0.875,5.875,19,-15.1817083358765,-91.8182907104492,0.927272727272727,0,0,0,0,0,0,0,0,0,0,0,0,0,0,0,0,0,0,0,0,0,0,0,0,0,0,0,0,0,0,0,0,0,0,0,0,0,0,0,0,0,0,0,0,0,0,1,0,0,0,0,0,0,0,0,0,0,0,0,0,0,0,0,0,0,0,0,0,0,0,0,0,0,0,0,0,0,0,0,0,0,0,0,0,0,0,0,0,0,0,0,0,0,0
"23","npz6.30","2021-05_Abrolhos_BOSS",-28.0912,113.3989,"No-take",87.9,"BOSS",20210513,"npz6.30","NPZ6","Y",5,75,80,0,0,0,0.645569620253165,0,1,0,0,0,0.341772151898734,79,1,0,113.3989,-28.0912,39,-86,1.91461194102692,253.497124834081,-0.75,6.5,27,-4.31056976318359,-81.6894302368164,0.0126582278481013,0,0,0,0,0,0,0,0,0,0,0,0,0,0,0,0,0,0,0,0,0,0,0,0,0,0,0,0,0,0,0,0,0,0,0,0,0,0,0,0,0,0,0,0,0,0,1,0,0,0,0,0,0,0,0,0,0,0,0,0,0,0,0,0,0,0,0,0,0,0,0,0,0,0,0,0,0,0,0,0,0,0,0,0,0,0,0,0,0,0,0,0,0,0
"24","npz6.31","2021-05_Abrolhos_BOSS",-28.0711,113.3938,"No-take",81.9,"BOSS",20210511,"npz6.31","NPZ6","Y",6,74,80,0,0,0,0.7,0,0,0,0,0,0.3,80,1,0,113.3938,-28.0711,16,-82,1.94253126058042,234.082493005451,-3,6.75,27,-1.94757115840912,-80.0524291992188,0,0,0,0,0,0,0,0,0,0,0,0,0,0,0,0,0,0,0,0,0,0,0,0,0,0,0,0,0,0,0,2,0,0,0,0,0,0,0,0,0,0,0,0,0,0,0,1,0,0,0,0,0,0,0,0,0,0,0,0,0,0,0,0,0,0,0,0,0,0,0,0,0,0,0,0,0,0,0,0,0,0,0,0,0,0,0,0,0,0,0,0,0,0,0
"25","npz6.32","2021-05_Abrolhos_BOSS",-28.0963,113.3837,"No-take",116,"BOSS",20210513,"npz6.32","NPZ6","Y",5,75,80,0,0,0,0,0,0,0,0,0,1,80,0,0,113.3837,-28.0963,42,-118,1.04376147100978,236.905316970898,-0.75,3.25,14,-22.2284488677979,-95.7715530395508,0,0,0,0,0,0,0,0,0,0,0,0,0,0,0,0,0,0,0,0,0,0,0,0,0,0,0,0,0,0,0,0,0,0,0,0,0,0,0,0,0,0,0,0,0,0,0,0,0,0,0,0,0,0,0,0,0,0,0,0,0,0,0,0,0,0,0,0,0,0,0,0,0,0,0,0,0,0,0,0,0,0,0,0,0,0,0,0,0,0,0,0,0,0,0
"26","npz6.33","2021-05_Abrolhos_BOSS",-28.0887,113.4437,"No-take",28,"BOSS",20210511,"npz6.33","NPZ6","Y",5,75,80,0,0,0,0,0,0,1,0,0,0,79,3,0,113.4437,-28.0887,7,-26,2.11369344260524,262.96256134435,6.75,8,20,28.8244667053223,-54.8244667053223,0,0,0,0,0,0,0,0,0,0,3,1,0,0,0,17,1,1,1,0,1,0,0,2,0,0,0,0,2,0,0,0,0,0,0,0,0,0,0,0,0,0,0,0,0,0,0,0,0,0,0,0,0,0,0,0,0,0,0,0,0,0,0,0,0,0,0,0,0,0,0,0,0,0,0,0,0,0,0,0,0,0,0,0,0,0,0,0,0,0,0,0,0,0,0
"27","npz6.34","2021-05_Abrolhos_BOSS",-28.0563,113.549,"No-take",49.1,"BOSS",20210511,"npz6.34","NPZ6","Y",5,75,80,0,0,0,0.012987012987013,0,0,0.103896103896104,0,41,0.350649350649351,77,1.73846153846154,0.44289258986107,113.549,-28.0563,1,-49,0.0389921299172408,48.3599489626639,0.375,0.375,1,-1.78463625907898,-47.2153625488281,0.532467532467532,0,2,0,0,0,2,0,0,0,1,0,0,0,0,0,0,0,0,0,2,0,0,1,0,0,0,0,7,0,0,0,0,0,0,0,0,0,0,6,0,0,0,0,1,0,0,0,0,0,0,0,0,0,0,0,0,0,0,0,0,0,0,0,0,0,0,0,0,0,0,0,0,0,0,0,0,0,0,0,0,0,0,0,0,0,0,0,0,0,0,0,0,0,0
"28","npz6.35","2021-05_Abrolhos_BOSS",-28.0417,113.2744,"No-take",184,"BOSS",20210513,"npz6.35","NPZ6","Y",0,80,80,0,0,0,0,0,0,0,0,0,1,80,0,0,113.2744,-28.0417,44,-189,0.329783453683117,256.368181382815,0.25,1,4,13.8781881332397,-202.878189086914,0,0,0,0,0,0,0,0,0,0,0,0,0,0,0,0,0,0,0,0,0,0,0,0,0,0,0,0,0,0,0,0,0,0,0,0,0,0,0,0,0,0,0,0,0,0,0,0,0,0,0,0,0,0,0,0,0,0,0,0,0,0,0,0,0,0,0,0,0,0,0,0,0,0,0,0,0,0,0,0,0,0,0,0,0,0,0,0,0,0,0,0,0,0,0
"29","npz6.36","2021-05_Abrolhos_BOSS",-28.0765,113.4739,"No-take",52.9,"BOSS",20210511,"npz6.36","NPZ6","Y",7,73,80,0,0,0,0.189873417721519,0,0,0.0126582278481013,0,0,0.79746835443038,79,0.596774193548387,0.494549883752722,113.4739,-28.0765,3,-53,0.449899391040031,22.8727679109621,-1,1.5,7,-8.37688541412354,-44.6231155395508,0,0,0,0,0,0,0,0,0,0,0,0,0,0,0,0,0,0,0,0,0,0,0,0,0,0,0,0,0,0,0,0,0,0,0,0,0,0,0,0,0,0,0,0,0,0,0,0,2,0,0,0,0,0,0,0,0,0,0,0,0,0,0,0,0,0,0,0,0,0,0,0,0,0,0,0,0,0,0,0,0,0,0,0,0,0,0,0,0,0,0,0,0,0,0
"30","npz6.37","2021-05_Abrolhos_BOSS",-28.0964,113.4639,"No-take",39.2,"BOSS",20210511,"npz6.37","NPZ6","Y",7,73,80,0,0,0,0.323529411764706,0,0,0.382352941176471,0,0,0.294117647058824,68,1.95384615384615,0.21145103088313,113.4639,-28.0964,5,-37,2.04832068859346,57.0671517797223,-2.25,7,30,11.9241056442261,-48.9241065979004,0,0,0,0,0,0,0,0,0,0,0,0,0,0,0,2,0,0,0,0,1,0,2,0,0,0,0,0,0,0,0,0,0,0,0,0,0,0,0,0,0,0,0,0,0,0,0,0,0,0,0,0,0,0,0,0,0,0,0,0,0,0,0,0,0,0,0,0,0,0,0,0,0,0,0,0,0,0,0,0,0,0,0,0,0,0,0,0,0,0,0,0,0,0,0
"31","npz6.38","2021-05_Abrolhos_BOSS",-28.1187,113.4591,"Fished",27.8,"BOSS",20210513,"out6.1","NPZ6","Y",5,75,80,0,0,0,0.0375,0,0,0.95,0,0,0.0125,80,3,0,113.4591,-28.1187,33,-26,1.2141699020132,230.204297445407,2.375,4.625,18,29.3726177215576,-55.3726196289062,0,0,0,0,0,0,0,0,0,0,1,0,0,0,2,17,3,0,0,0,3,0,0,1,0,0,0,0,3,0,0,0,0,0,0,0,93,0,0,0,0,0,0,0,0,0,0,0,0,0,0,0,0,0,0,0,0,0,0,0,0,0,0,0,0,0,0,0,0,0,0,0,0,0,0,0,0,0,0,0,0,0,0,0,0,0,0,0,0,0,0,0,0,0,0
"32","npz6.39","2021-05_Abrolhos_BOSS",-28.1139,113.4539,"Fished",36.3,"BOSS",20210513,"out6.2","NPZ6","Y",5,75,80,0.0153846153846154,0,0,0.0153846153846154,0,0,0.892307692307692,0,1,0.0769230769230769,65,2.96774193548387,0.178127043949975,113.4539,-28.1139,34,-41,2.26039914919793,241.239694251405,-5.875,8.125,28,15.0074348449707,-56.0074348449707,0.0153846153846154,0,0,0,0,0,0,0,0,0,2,0,0,0,1,25,0,0,0,0,1,0,0,2,0,0,0,0,3,0,0,0,0,0,0,0,43,0,0,0,0,0,0,0,0,0,0,0,0,0,0,0,0,0,0,0,0,0,0,0,0,0,0,0,0,0,0,0,0,0,0,0,0,0,0,0,0,0,0,0,0,0,0,0,0,0,0,0,0,0,0,0,0,0,0
"33","npz6.4","2021-05_Abrolhos_BOSS",-28.0769,113.2764,"No-take",189,"BOSS",20210513,"npz6.4","NPZ6","Y",0,80,80,0,0,0,0,0,0,0,0,0,1,80,0,0,113.2764,-28.0769,46,-198,0.284102017772335,24.2268077361669,-0.75,1.25,4,23.9749069213867,-221.974899291992,0,0,0,0,0,0,0,0,0,0,0,0,0,0,0,0,0,0,0,0,0,0,0,0,0,0,0,0,0,0,0,0,0,0,0,0,0,0,0,0,0,0,0,0,0,0,0,0,0,0,0,0,0,0,0,0,0,0,0,0,0,0,0,0,0,0,0,0,0,0,0,0,0,0,0,0,0,0,0,0,0,0,0,0,0,0,0,0,0,0,0,0,0,0,0
"34","npz6.40","2021-05_Abrolhos_BOSS",-28.1038,113.4337,"Fished",48.7,"BOSS",20210513,"out6.3","NPZ6","Y",5,75,80,0.0632911392405063,0,0,0.379746835443038,0,0,0.556962025316456,0,4,0.0126582278481013,79,2.01612903225806,0.127000127000191,113.4337,-28.1038,35,-46,0.58520609176726,63.7233906737892,2.125,2.625,7,16.7440776824951,-62.7440795898438,0.0506329113924051,0,0,0,0,0,0,0,0,0,0,2,0,0,1,9,0,0,0,0,0,0,0,0,0,2,0,0,0,0,0,0,0,0,0,0,0,0,0,0,0,0,0,0,0,0,0,0,0,0,0,0,0,0,0,0,0,0,0,0,0,0,0,0,0,0,0,0,0,0,0,0,0,0,0,0,0,0,0,0,0,0,0,0,0,0,0,0,0,0,0,0,0,0,0
"35","npz6.42","2021-05_Abrolhos_BOSS",-28.1213,113.5639,"Fished",48.5,"BOSS",20210513,"out6.5","NPZ6","Y",5,55,60,0,0,0,0.9,0,0,0.0166666666666667,0,0,0.0833333333333333,60,1,0,113.5639,-28.1213,25,-34,1.86402961611276,134.003974601652,3.75,7.25,24,12.3378744125366,-46.3378753662109,0,0,0,0,0,0,0,0,0,0,0,0,0,0,0,0,0,0,0,0,0,0,1,0,0,0,0,3,0,5,0,0,0,0,0,0,0,0,0,0,0,0,0,0,0,0,0,0,0,0,0,0,0,0,0,0,0,0,0,0,0,0,0,0,0,0,0,0,0,0,0,0,0,0,0,0,0,0,0,0,0,0,0,0,0,0,0,0,0,0,0,0,0,0,0
"36","npz6.43","2021-05_Abrolhos_BOSS",-28.1064,113.4111,"Fished",56.2,"BOSS",20210513,"out6.6","NPZ6","Y",7,73,80,0,0,0,0.679012345679012,0,0,0.0493827160493827,0,3,0.234567901234568,81,1.71621621621622,0.80273966284766,113.4111,-28.1064,37,-63,2.21976991369118,250.934951042183,0.875,7.625,25,14.3453054428101,-77.3453063964844,0.037037037037037,0,0,0,0,0,0,0,0,0,0,0,0,0,0,11,0,0,0,0,3,0,0,0,0,2,0,0,0,0,0,0,0,0,2,0,62,0,0,0,0,0,0,1,0,0,3,0,0,0,0,0,0,0,0,0,0,0,0,0,0,0,0,0,0,0,0,0,0,0,0,0,0,0,0,0,0,0,0,0,0,0,0,0,0,0,0,0,0,0,0,0,0,0,0
"37","npz6.45","2021-05_Abrolhos_BOSS",-28.106,113.5316,"Fished",50.8,"BOSS",20210513,"out6.8","NPZ6","Y",5,55,60,0,0,0,0.0333333333333333,0,0,0,0,0,0.966666666666667,60,1,0,113.5316,-28.106,27,-50,0.166024644094098,200.560458849892,0.125,0.625,2,-6.89929342269897,-43.1007080078125,0,0,0,0,0,0,0,0,0,0,0,0,0,0,0,0,0,0,0,0,0,0,1,0,0,0,0,0,0,0,0,0,0,0,0,0,0,0,0,0,0,0,0,0,0,0,0,0,0,0,0,0,0,0,0,0,0,0,0,0,0,0,0,0,0,0,0,0,0,0,0,0,0,0,0,0,0,0,0,0,0,0,0,0,0,0,0,0,0,0,0,0,0,0,0
"38","npz6.46","2021-05_Abrolhos_BOSS",-28.1138,113.5215,"Fished",44.7,"BOSS",20210513,"out6.9","NPZ6","Y",5,55,60,0.0833333333333333,0,0,0.316666666666667,0,0,0.566666666666667,0,7,0,60,2.02222222222222,0.260147588258603,113.5215,-28.1138,28,-46,0.298108656177213,342.938151969193,1.5,2,5,-2.52358365058899,-43.4764175415039,0.116666666666667,0,0,0,0,0,0,0,0,0,0,0,0,0,2,0,0,0,0,0,0,0,1,7,0,0,0,0,0,0,0,0,0,0,0,0,0,0,0,0,0,0,0,0,0,0,0,1,0,0,0,0,0,0,0,0,0,0,0,0,0,0,0,0,0,0,0,0,0,0,0,0,0,0,0,0,0,0,0,0,0,0,0,0,0,0,0,0,0,0,0,0,0,0,0
"39","npz6.47","2021-05_Abrolhos_BOSS",-28.1185,113.4816,"Fished",44,"BOSS",20210513,"out6.10","NPZ6","Y",5,75,80,0,0,0,0.4375,0,0,0.0875,0,6,0.4,80,1.23333333333333,0.499717434280908,113.4816,-28.1185,31,-46,2.62748535630738,55.1446121171577,-1.25,9,26,2.57263040542603,-48.5726318359375,0.075,0,0,0,0,0,0,0,0,0,0,0,0,0,0,2,0,0,0,0,0,0,1,0,0,0,0,0,0,0,0,0,0,0,0,0,0,0,0,0,0,0,0,0,0,0,0,0,0,0,0,0,0,0,0,0,0,0,0,0,0,0,0,0,0,0,0,0,0,0,0,0,0,0,0,0,0,0,0,0,0,0,0,0,0,0,0,0,0,0,0,0,0,0,0
"40","npz6.49","2021-05_Abrolhos_BOSS",-28.1139,113.4764,"Fished",49.6,"BOSS",20210513,"out6.12","NPZ6","Y",5,75,80,0,0,0,0.102564102564103,0,0,0.666666666666667,0,2,0.205128205128205,78,2.10169491525424,0.304841126187198,113.4764,-28.1139,32,-43,2.33977881603928,63.7254998983232,-0.625,7.375,27,5.6758975982666,-48.6758995056152,0.0256410256410256,0,0,0,0,0,0,0,0,0,0,1,0,0,0,5,0,0,0,0,2,0,1,1,0,0,0,0,0,0,0,0,0,0,0,0,0,0,0,0,0,0,0,0,0,0,0,0,0,0,0,0,0,0,0,0,0,0,0,0,0,0,0,0,0,0,0,0,0,0,0,0,0,0,0,0,0,0,0,0,0,0,0,0,0,0,0,0,0,0,0,0,0,0,0
"41","npz6.5","2021-05_Abrolhos_BOSS",-28.0839,113.4763,"No-take",53.2,"BOSS",20210511,"npz6.5","NPZ6","Y",6,74,80,0,0,0,0.0632911392405063,0,0,0.151898734177215,0,5,0.721518987341772,79,1.20289855072464,0.530807103129906,113.4763,-28.0839,4,-52,0.699506732157801,90,-0.875,2.375,8,-7.42378425598145,-44.5762176513672,0.0632911392405063,0,0,0,0,0,0,0,0,0,0,0,0,0,0,13,0,0,0,0,2,0,0,0,0,0,0,0,0,2,0,0,0,0,0,0,0,0,0,0,0,0,0,0,0,0,0,0,0,0,0,0,0,0,0,0,0,0,0,0,0,0,0,0,0,0,0,0,0,0,0,0,0,0,0,0,0,0,0,0,0,0,0,0,0,0,0,0,0,0,0,0,0,0,0
"42","npz6.50","2021-05_Abrolhos_BOSS",-28.1211,113.5564,"Fished",32,"BOSS",20210513,"out6.13","NPZ6","Y",5,55,60,0,0,0,0.0333333333333333,0,0,0.9,0,4,0,60,3,0,113.5564,-28.1211,26,-30,1.85830046676404,192.684966328422,-0.25,6.75,24,15.730185508728,-45.7301864624023,0.0666666666666667,0,0,0,0,0,0,0,0,0,1,1,0,0,2,9,0,0,0,0,0,0,0,1,0,0,0,0,0,0,0,0,0,0,0,0,115,0,0,1,0,0,0,0,0,0,0,0,0,0,0,0,0,0,0,0,0,0,0,0,0,0,0,0,0,0,0,0,0,0,0,0,0,0,0,0,0,0,0,0,0,0,0,0,0,0,0,0,0,0,0,0,0,0,0
"43","npz6.6","2021-05_Abrolhos_BOSS",-28.0362,113.4213,"No-take",66.6,"BOSS",20210511,"npz6.6","NPZ6","Y",7,73,80,0,0,0,0,0,0,0,0,0,1,80,1,0,113.4213,-28.0362,13,-66,0.54581699790685,131.645314318463,-1.5,1.75,9,-6.31237506866455,-59.6876258850098,0,0,0,0,0,0,0,0,0,0,0,0,0,0,0,0,0,0,0,0,0,0,0,0,0,0,0,0,0,0,0,0,1,0,0,0,0,0,0,0,0,0,0,0,0,0,0,0,0,0,0,0,0,0,0,0,0,0,0,0,0,0,0,0,0,0,0,0,0,0,0,0,0,0,0,0,0,0,0,0,0,0,0,0,0,0,0,0,0,0,0,0,0,0,0
"44","npz6.7","2021-05_Abrolhos_BOSS",-28.0687,113.3812,"No-take",89.5,"BOSS",20210511,"npz6.7","NPZ6","Y",4,76,80,0,0,0,0,0,0,0,0,0,1,80,0.6,0.527224906178488,113.3812,-28.0687,17,-91,1.71416728496422,240.091260174811,0.75,6,21,-1.78848719596863,-89.2115097045898,0,0,0,0,0,0,0,0,0,0,0,0,0,0,0,0,0,0,0,0,0,0,0,0,0,0,0,0,0,0,0,0,0,0,0,0,0,0,0,0,0,0,0,0,0,0,0,0,0,0,0,0,0,0,0,0,0,0,0,0,0,0,0,0,0,0,0,0,0,0,0,0,0,0,0,0,0,0,0,0,0,0,0,0,0,0,0,0,0,0,0,0,0,0,0
"45","npz6.8","2021-05_Abrolhos_BOSS",-28.0888,113.4012,"No-take",73.6,"BOSS",20210513,"npz6.8","NPZ6","Y",5,75,80,0,0,0,0,0,49,0.0125,0,3,0.3375,80,1.63380281690141,1.05883273493191,113.4012,-28.0888,38,-68,2.83457421639354,260.538347369789,4.875,10.125,26,11.0805654525757,-79.08056640625,0.65,0,0,0,0,1,0,0,0,0,0,0,0,0,0,0,0,0,0,0,0,0,1,0,0,0,0,0,0,0,0,0,0,0,0,0,0,0,0,0,0,0,0,0,0,0,0,1,0,0,0,0,0,0,0,0,0,0,0,0,0,0,0,0,0,0,0,0,0,0,0,0,0,0,0,0,0,0,0,0,0,0,0,0,0,0,0,0,0,0,0,0,0,0,0
"46","npz6.9","2021-05_Abrolhos_BOSS",-28.0486,113.3687,"No-take",101,"BOSS",20210511,"npz6.9","NPZ6","Y",0,80,80,0,0,0,0,0,3,0,1,1,0.936708860759494,79,0.88,0.520596204522531,113.3687,-28.0486,21,-107,1.77704407475708,270.83510109958,0.875,6.125,18,-12.4896383285522,-94.5103607177734,0.0632911392405063,0,0,0,0,0,0,0,0,0,0,0,0,0,0,0,0,0,0,0,0,0,0,0,0,0,0,0,0,0,0,1,0,0,0,0,0,0,0,0,0,0,0,0,0,0,0,0,0,0,0,0,0,0,0,0,0,0,0,0,0,0,0,0,0,0,0,0,0,0,0,0,0,0,0,0,0,0,0,0,0,0,0,0,0,0,0,0,0,0,0,0,0,0,0
"47","npz6.10","2021-05_Abrolhos_stereo-BRUVs",-28.0787,113.3764,"No-take",112,"BRUV",20210512,"npz6.10","NPZ6","Y",17,23,40,0,0,0,0,0,0,0,0,0,1,28,0,0,113.3764,-28.0787,60,-117,1.19411622491114,257.470942658331,-0.125,4.125,12,-20.504222869873,-96.4957809448242,0,5,0,0,0,0,0,0,0,0,0,0,0,0,0,0,0,0,0,0,0,0,0,0,0,0,0,0,0,0,0,0,0,0,0,0,0,0,0,0,0,0,0,0,0,0,4,0,0,0,0,0,0,0,0,0,0,0,0,0,0,0,0,0,0,0,0,0,0,0,0,0,0,1,0,0,0,0,0,0,0,0,1,0,0,0,0,0,0,2,0,0,0,0,0
"48","npz6.12","2021-05_Abrolhos_stereo-BRUVs",-28.0512,113.2763,"No-take",185,"BRUV",20210512,"npz6.12","NPZ6","N",16,24,40,0,0,0,0,0,0,0,0,0,1,28,0,0,113.2763,-28.0512,65,-193,0.581031469213041,200.550862966641,-0.5,2.25,7,12.7787055969238,-205.778701782227,0,0,0,0,0,0,0,0,0,0,0,0,0,0,0,0,0,0,0,0,0,0,0,0,0,0,0,0,0,0,0,0,0,0,0,0,0,0,0,0,0,0,0,0,0,0,0,0,0,0,0,0,0,0,0,0,0,0,0,0,0,0,0,0,0,0,0,0,0,0,0,0,0,0,0,0,0,0,0,0,0,0,0,0,0,0,0,0,0,0,0,0,0,0,0
"49","npz6.13","2021-05_Abrolhos_stereo-BRUVs",-28.0611,113.3714,"No-take",109,"BRUV",20210512,"npz6.13","NPZ6","Y",12,28,40,0,0,1,0,0,11,0,1,2,0.318181818181818,22,2.14285714285714,0.853563956930837,113.3714,-28.0611,59,-112,1.90778932889616,262.982229671065,-0.25,6.25,18,-16.328706741333,-95.6712951660156,0.681818181818182,0,0,0,0,1,1,0,0,0,0,0,0,0,0,0,0,0,0,0,0,0,0,0,0,0,0,0,0,0,0,0,0,0,0,0,0,0,0,0,0,0,0,0,0,0,4,0,0,0,0,0,2,0,0,0,0,0,0,0,0,0,0,0,0,0,0,0,0,0,0,0,0,0,0,0,0,0,0,0,0,0,0,0,0,0,0,0,0,1,0,0,0,0,0
"50","npz6.14","2021-05_Abrolhos_stereo-BRUVs",-28.0937,113.4213,"No-take",42.1,"BRUV",20210512,"npz6.14","NPZ6","Y",12,28,40,0.217391304347826,0,0,0,0,0,0.869565217391304,0,3,0,23,2.84615384615385,0.36794648440312,113.4213,-28.0937,48,-44,0.96221703859529,271.542764978776,1.375,3.375,11,23.1772747039795,-67.1772766113281,0.130434782608696,0,1,0,0,0,0,0,0,0,1,1,1,0,2,41,0,3,0,0,0,0,0,5,1,0,0,0,6,0,0,0,0,0,0,0,44,0,0,3,1,0,0,1,0,0,0,0,0,0,0,0,0,0,0,0,0,0,0,0,0,0,0,0,0,0,0,0,0,0,0,1,0,0,0,0,0,0,0,0,0,0,0,1,0,0,0,0,0,0,0,0,1,0,0
"51","npz6.15","2021-05_Abrolhos_stereo-BRUVs",-28.0588,113.3488,"No-take",145,"BRUV",20210512,"npz6.15","NPZ6","Y",11,29,40,0,0,0,0,1,0,0,0,0,0.962962962962963,27,0,0,113.3488,-28.0588,57,-153,0.8983848849876,256.662247838339,-0.25,3,10,-36.547420501709,-116.452575683594,0.037037037037037,0,0,0,0,0,0,0,0,0,0,0,0,0,0,0,0,0,0,0,0,0,0,0,0,0,0,0,0,0,0,0,0,0,0,0,0,0,0,0,0,0,0,0,0,0,0,0,0,0,0,0,0,0,0,0,0,0,0,0,0,0,0,0,0,0,0,0,0,0,0,0,0,0,0,0,0,0,0,0,0,0,0,0,0,0,0,0,0,0,0,1,0,0,0
"52","npz6.17","2021-05_Abrolhos_stereo-BRUVs",-28.0837,113.3839,"No-take",94,"BRUV",20210512,"npz6.18","NPZ6","Y",4,15,19,0,0,1,0,0,9,0,1,5,0,16,2.57142857142857,0.646206172658864,113.3839,-28.0837,61,-96,2.00343980976695,246.376465019088,4,7.25,22,-4.49684619903564,-91.5031509399414,1,0,1,0,0,3,1,0,0,0,0,0,0,2,0,2,0,0,0,0,0,0,0,0,0,0,0,0,0,0,0,0,0,0,0,0,0,0,0,0,0,0,0,0,0,0,3,0,0,0,0,0,3,0,0,0,0,0,0,0,0,0,1,0,0,0,0,1,0,0,0,0,0,1,0,0,0,0,3,0,0,0,0,0,0,0,0,0,0,0,0,0,0,0,0
"53","npz6.18","2021-05_Abrolhos_stereo-BRUVs",-28.0962,113.4438,"No-take",42.7,"BRUV",20210512,"npz6.19","NPZ6","Y",6,34,40,0,0,0,0,0,0,0,0,0,1,34,1,0,113.4438,-28.0962,51,-37,2.27957549661116,236.178286141516,3.375,8.875,23,19.2005863189697,-56.2005882263184,0,0,0,0,0,0,0,0,0,0,0,0,0,0,0,0,0,0,0,0,0,0,0,0,0,0,0,0,0,0,0,0,0,0,0,0,0,0,0,0,0,0,0,0,0,0,0,0,1,0,0,0,0,0,0,0,0,0,0,0,0,0,0,0,9,0,0,0,0,0,0,0,0,0,0,0,0,0,0,0,0,0,0,0,0,0,0,0,0,0,0,0,0,0,0
"54","npz6.2","2021-05_Abrolhos_stereo-BRUVs",-28.0612,113.4339,"No-take",43.6,"BRUV",20210512,"npz6.2","NPZ6","Y",12,28,40,0.0357142857142857,0,0,0.571428571428571,0,0,0.321428571428571,0,3,0,28,1.45833333333333,0.508977377704051,113.4339,-28.0612,50,-45,1.11207559212925,264.653584093254,-0.625,3.875,11,10.6526575088501,-55.6526565551758,0.107142857142857,0,0,0,0,0,0,0,0,0,0,0,0,0,1,164,0,1,0,0,0,0,0,2,0,0,0,0,1,1,0,0,0,0,0,0,0,0,0,0,0,0,0,0,0,0,0,0,0,0,0,0,0,0,0,0,0,0,0,0,0,0,0,0,0,0,0,0,0,0,0,0,0,0,0,0,1,0,0,0,0,1,0,0,0,1,0,0,0,0,2,0,0,0,0
"55","npz6.20","2021-05_Abrolhos_stereo-BRUVs",-28.0736,113.4593,"No-take",50.4,"BRUV",20210512,"npz6.21","NPZ6","Y",13,27,40,0,0,0,0.5,0,1,0.291666666666667,0,1,0.125,24,1.15,0.366347548532523,113.4593,-28.0736,53,-44,0.697065181547151,41.9853070993371,3.5,3.75,10,3.93387675285339,-47.9338760375977,0.0833333333333333,0,0,0,0,0,0,0,0,0,0,0,0,0,4,3,0,0,0,0,2,0,0,4,3,0,0,0,0,7,0,0,0,0,0,0,0,0,0,0,0,0,0,0,0,0,0,0,0,0,0,0,0,0,0,6,0,0,0,0,0,0,0,0,3,0,0,0,0,0,0,0,0,0,0,0,0,0,0,0,0,0,0,0,0,0,0,0,0,0,0,0,0,0,0
"56","npz6.21","2021-05_Abrolhos_stereo-BRUVs",-28.0714,113.3992,"No-take",59.3,"BRUV",20210512,"npz6.22","NPZ6","Y",6,34,40,0,0,2,0,0,13,0,4,13,0.0588235294117647,34,2.15384615384615,0.36794648440312,113.3992,-28.0714,63,-66,2.14476453456386,234.580508470099,-1.875,8.125,23,10.4530344009399,-76.4530334472656,0.941176470588235,0,0,0,1,0,0,0,0,0,0,0,0,1,3,6,0,0,0,0,5,0,0,0,5,0,0,0,2,1,0,0,0,0,2,0,15,0,0,0,0,0,0,0,0,0,6,0,0,0,0,0,0,0,0,0,0,0,0,0,0,0,0,0,0,0,0,0,0,0,0,0,0,0,0,0,0,0,0,0,0,0,0,0,0,0,0,0,0,0,0,0,0,0,0
"57","npz6.22","2021-05_Abrolhos_stereo-BRUVs",-28.0687,113.4512,"No-take",45,"BRUV",20210512,"npz6.23","NPZ6","Y",13,27,40,0.111111111111111,0,0,0.0277777777777778,0,1,0.777777777777778,0,4,0.0555555555555556,36,2.85714285714286,0.356348322549899,113.4512,-28.0687,52,-45,1.77170896639855,52.1218737745525,-4.5,7.25,21,4.82670879364014,-49.8267097473145,0.138888888888889,0,1,0,0,1,0,0,0,0,0,0,0,0,1,130,0,0,0,0,1,0,5,3,0,0,0,0,1,0,0,0,0,0,0,0,0,0,0,0,0,0,0,0,0,0,0,0,0,0,0,0,0,0,0,0,0,0,0,0,0,0,0,0,3,0,0,0,0,0,0,0,0,0,0,0,0,0,0,0,0,0,0,0,0,0,0,0,0,0,0,0,0,1,0
"58","npz6.24","2021-05_Abrolhos_stereo-BRUVs",-28.0787,113.4414,"No-take",53.7,"BRUV",20210512,"npz6.27","NPZ6","Y",13,27,40,0,0,0,0.0384615384615385,0,0,0.692307692307692,0,7,0,26,3,0,113.4414,-28.0787,47,-38,1.80646632769859,270,-2.75,6.75,19,16.3743515014648,-54.3743515014648,0.269230769230769,0,2,0,0,0,0,0,0,0,0,0,0,0,1,67,0,0,0,0,1,0,0,6,0,0,0,0,1,0,0,0,0,0,0,0,55,0,0,0,0,0,0,0,0,0,0,0,0,0,0,0,0,0,0,0,0,0,0,0,0,0,0,0,1,0,0,0,0,0,0,0,0,0,0,0,0,0,0,0,0,0,0,0,0,0,0,0,0,0,0,0,0,0,0
"59","npz6.26","2021-05_Abrolhos_stereo-BRUVs",-28.0937,113.4563,"No-take",33.7,"BRUV",20210512,"npz6.29","NPZ6","Y",13,27,40,0,0,0,0.289473684210526,0,0,0.710526315789474,0,0,0,38,2.08,0.276887462097269,113.4563,-28.0937,54,-14,0.713402552870517,29.3606524540174,5,5,17,36.9163055419922,-50.9163055419922,0,0,0,0,0,0,0,0,0,0,4,0,3,0,6,51,1,3,0,0,2,0,1,5,2,0,0,0,12,0,0,0,0,0,0,1,42,0,5,0,2,0,0,0,0,0,2,0,0,4,4,0,0,0,1,0,1,0,0,2,2,0,0,0,0,1,0,0,0,2,0,0,4,0,1,0,0,0,0,0,0,0,0,0,0,0,5,2,0,0,0,0,0,0,2
"60","npz6.27","2021-05_Abrolhos_stereo-BRUVs",-28.0562,113.4464,"No-take",39,"BRUV",20210512,"npz6.30","NPZ6","Y",12,28,40,0.28125,0,0,0.03125,0,0,0.9375,0,0,0.03125,32,3,0,113.4464,-28.0562,55,-38,1.27974754368452,44.890946398846,1.375,4.375,15,12.8473968505859,-50.8473968505859,0,0,1,0,0,1,0,0,0,0,0,0,0,0,1,32,0,1,0,0,1,0,0,6,5,0,0,0,1,0,0,0,0,0,0,0,59,0,0,0,0,0,0,0,0,0,0,0,0,0,0,0,0,0,0,0,0,0,0,0,0,0,0,0,1,0,0,0,0,0,0,1,0,0,0,0,1,0,0,0,7,0,0,0,0,0,0,0,0,0,0,0,0,0,0
"61","npz6.28","2021-05_Abrolhos_stereo-BRUVs",-28.1237,113.3663,"Fished",149,"BRUV",20210512,"out6.1","NPZ6","Y",9,31,40,0,0,0,0,0,1,0,0,0,0.964285714285714,28,0.166666666666667,0.514495755427527,113.3663,-28.1237,67,-154,0.273691585765759,253.501827462698,-0.75,1,3,-28.7860374450684,-125.213966369629,0.0357142857142857,0,0,0,0,0,0,0,0,0,0,0,0,0,0,0,0,0,0,0,0,0,0,0,0,0,0,0,0,0,0,0,0,0,0,0,0,0,0,0,0,0,0,0,0,0,0,0,0,0,0,0,0,0,0,0,0,0,0,0,0,0,0,0,0,0,0,0,0,0,0,0,0,0,0,0,0,0,0,0,0,0,0,0,0,0,0,0,0,1,0,1,0,0,0
"62","npz6.36","2021-05_Abrolhos_stereo-BRUVs",-28.1062,113.4089,"Fished",66.5,"BRUV",20210512,"out6.9","NPZ6","Y",16,24,40,0,2,1,0.103448275862069,1,0,0.0344827586206897,0,7,0.482758620689655,29,1.57692307692308,1.17211183504227,113.4089,-28.1062,70,-74,3.05801986675916,252.259224551173,0.625,11.125,29,5.12936210632324,-79.1293640136719,0.379310344827586,0,1,0,0,0,0,0,0,0,0,0,0,1,2,1,0,0,0,0,2,0,0,1,3,0,0,0,1,0,0,1,0,0,2,0,87,0,0,0,0,0,0,1,0,0,11,0,0,0,0,1,0,0,0,0,0,0,0,0,0,1,0,1,0,0,0,0,0,0,1,0,0,0,0,0,0,0,0,0,0,0,0,0,0,0,0,0,0,0,0,0,0,0,0
"63","npz6.4","2021-05_Abrolhos_stereo-BRUVs",-28.0814,113.3988,"No-take",67.5,"BRUV",20210512,"npz6.4","NPZ6","Y",12,28,40,0,0,1,0,0,25,0,0,4,0.032258064516129,31,1,0,113.3988,-28.0814,62,-77,2.21918171053088,259.919427514776,1.375,7.625,24,1.85659909248352,-78.8565979003906,0.967741935483871,0,1,0,1,0,0,0,0,0,0,0,0,1,3,6,0,0,0,0,0,0,0,2,2,0,0,0,0,3,0,0,0,0,0,0,0,0,0,0,0,0,0,1,0,0,18,0,0,0,0,0,0,0,0,0,0,0,0,0,0,0,0,0,0,0,0,0,0,0,0,0,0,0,0,0,0,1,0,0,0,0,1,0,0,6,0,0,0,0,0,0,0,0,0
"64","npz6.5","2021-05_Abrolhos_stereo-BRUVs",-28.0636,113.3935,"No-take",65.8,"BRUV",20210512,"npz6.5","NPZ6","Y",12,28,40,0,0,0,0.172413793103448,3,3,0.0689655172413793,3,8,0.172413793103448,29,2,0.866025403784439,113.3935,-28.0636,64,-68,1.97005153169333,253.974596041754,1.875,6.375,23,10.3921680450439,-78.3921661376953,0.586206896551724,0,1,0,0,3,0,0,0,0,0,0,0,0,2,24,0,0,0,0,3,0,0,0,2,0,0,0,3,0,0,0,0,0,0,0,22,0,0,1,0,0,0,0,0,0,3,0,0,0,0,0,0,0,0,0,0,0,0,0,0,0,0,0,0,0,0,0,1,0,0,0,0,0,0,0,1,0,0,0,0,0,0,0,0,0,0,0,0,0,0,0,0,0,0
"65","npz6.6","2021-05_Abrolhos_stereo-BRUVs",-28.0837,113.4439,"No-take",55.1,"BRUV",20210512,"npz6.6","NPZ6","Y",4,16,20,0,0,0,0,0,0,1,0,0,0,12,3,0,113.4439,-28.0837,49,-28,2.03042312734797,261.934697523983,3.125,6.375,20,26.0476055145264,-54.0476036071777,0,0,1,0,0,0,0,1,0,0,0,0,0,0,2,44,0,0,0,0,0,0,1,10,1,0,0,0,1,0,0,0,0,0,0,0,260,0,0,0,1,0,0,0,0,0,0,0,0,0,0,0,0,0,0,0,0,0,1,0,0,0,0,0,1,0,0,0,0,0,0,0,0,0,0,0,0,0,0,1,0,0,0,0,0,0,0,0,0,0,0,0,0,0,0
"66","npz6.8","2021-05_Abrolhos_stereo-BRUVs",-28.0688,113.3413,"No-take",154,"BRUV",20210512,"npz6.8","NPZ6","Y",10,30,40,0,0,0,0,1,1,0,0,0,0.928571428571429,28,0,0,113.3413,-28.0688,56,-158,0.457626345288428,243.069703810576,0.5,1.5,5,-29.4883251190186,-128.511672973633,0.0714285714285714,0,0,0,0,0,0,0,0,0,0,0,0,0,0,0,0,0,0,0,0,0,0,0,0,0,0,0,0,0,0,0,0,0,0,0,0,0,0,0,0,0,0,0,0,0,0,0,0,0,0,0,0,1,0,0,0,1,0,0,0,0,0,0,0,0,0,0,0,0,0,0,0,0,0,0,0,0,0,0,0,0,0,0,0,0,0,0,1,0,0,0,0,0,0
"67","npz6.9","2021-05_Abrolhos_stereo-BRUVs",-28.0386,113.3814,"No-take",77.2,"BRUV",20210512,"npz6.9","NPZ6","Y",10,30,40,0,0,0,0,0,25,0,0,1,0.133333333333333,30,1,0,113.3814,-28.0386,58,-81,1.89329041298687,269.216210639929,-0.375,6.125,19,1.67859899997711,-82.678596496582,0.866666666666667,1,0,0,0,0,0,0,0,0,0,0,0,0,0,0,0,0,0,0,0,0,0,2,1,0,0,0,0,0,0,0,0,0,0,0,0,0,0,0,0,0,0,0,0,0,18,0,0,0,0,0,0,0,0,0,0,0,0,0,0,0,0,0,0,0,1,0,0,0,0,0,0,0,0,0,0,0,0,0,0,0,0,0,0,0,0,0,0,0,0,0,0,0,0
"68","npz6.BOSS41","2021-05_Abrolhos_stereo-BRUVs",-28.1137,113.3939,"Fished",104,"BRUV",20210512,NA,"NPZ6","Y",10,30,40,0,0,5,0,0,8,0,0,14,0.228571428571429,35,2.27272727272727,0.702500173314209,113.3939,-28.1137,69,-114,1.44540593517696,255.469773541425,-1.75,4.75,17,-20.1686973571777,-93.8313064575195,0.771428571428571,1,2,0,0,0,0,0,0,0,0,0,0,0,0,0,0,0,0,0,1,0,0,0,0,0,0,0,0,0,0,0,0,0,0,0,0,0,0,0,0,0,0,0,0,0,3,0,0,0,0,0,1,0,0,0,0,0,0,0,0,0,0,0,0,0,0,0,0,0,0,0,0,0,0,1,1,0,0,0,0,0,0,0,0,0,0,0,0,0,0,0,0,0,0
"69","npz6.C01","2021-05_Abrolhos_stereo-BRUVs",-28.1078,113.3706,"Fished",138,"BRUV",20210512,NA,"NPZ6","Y",12,28,40,0,0,0,0,0,0,0,0,0,1,23,0,0,113.3706,-28.1078,66,-142,0.797702907082533,260.65478614288,-1.125,2.875,8,-29.1938228607178,-112.806175231934,0,0,0,0,0,0,0,0,0,0,0,0,0,0,0,0,0,0,0,0,0,0,0,0,0,0,0,0,0,0,0,0,0,0,0,0,0,0,0,0,0,0,0,0,0,0,1,0,0,0,0,0,0,0,0,0,0,0,0,0,0,0,0,0,0,0,0,0,0,0,0,0,0,0,0,0,0,0,0,0,0,0,0,0,1,0,0,0,0,4,0,1,0,0,0
"70","npz6.C02","2021-05_Abrolhos_stereo-BRUVs",-28.118,113.385,"Fished",125,"BRUV",20210512,NA,"NPZ6","Y",13,27,40,0,0,0,0,0,2,0,0,0,0.9375,32,0,0,113.385,-28.118,68,-128,0.64830633352618,238.701479330188,-0.625,2.125,8,-25.3151321411133,-102.684867858887,0.0625,0,0,0,0,0,0,0,0,0,0,0,0,0,0,0,0,0,0,0,0,0,0,0,0,0,0,0,0,0,0,0,0,0,0,0,0,0,0,0,0,0,0,0,0,0,0,0,0,0,0,0,0,0,0,0,0,0,0,0,0,0,0,0,0,0,0,0,0,0,0,0,0,0,0,0,0,0,0,0,0,0,0,0,0,0,0,0,0,1,0,0,0,0,0
